0,"HUB"
1,"1060 Dalton Ave S"
2,"1330 2100 S"
3,"1488 4800 S"
4,"177 W Price Ave"
5,"195 W Oakland Ave"
6,"2010 W 500 S"
7,"2300 Parkway Blvd"
8,"233 Canyon Rd"
9,"2530 S 500 E"
10,"2600 Taylorsville Blvd"
11,"2835 Main St"
12,"300 State St"
13,"3060 Lester St"
14,"3148 S 1100 W"
15,"1061 Dalton Ave S"
16,"1331 2100 S"
17,"1489 4800 S"
18,"178 W Price Ave"
19,"196 W Oakland Ave"
20,"2011 W 500 S"
21,"2301 Parkway Blvd"
22,"234 Canyon Rd"
23,"2531 S 500 E"
24,"2601 Taylorsville Blvd"
25,"2836 Main St"
26,"301 State St"